virt_addr;rip
0x7fffffffffeff80;0x0
0x7fffffffffeff68;0x0
0x7fffffffffeff60;0x0
0x7fffffffffeff60;0x0
0x7fffffffffeff58;0x0
0x7fffffffffeff58;0x0
0x7fffffffffeff60;0x0
0x4c70f0;0x0
0x7fffffffffeff68;0x0
0x7fffffffffeff68;0x0
0x7fffffffffeffa0;0x0
0x4c7228;0x0
0x7fffffffffeff7c;0x0
0x4c70f0;0x0
0x7fffffffffeff68;0x0
0x7fffffffffeff68;0x0
0x7fffffffffeffa4;0x0
0x7fffffffffeff7c;0x0
0x4c8520;0x0
0x7fffffffffeff7c;0x0
0x4c70f0;0x0
0x7fffffffffeff68;0x0
0x7fffffffffeff68;0x0
0x7fffffffffeffa8;0x0
0x7fffffffffeff7c;0x0
0x4efe9c;0x0
0x7fffffffffeff7c;0x0
0x4c70f0;0x0
0x7fffffffffeff68;0x0
0x7fffffffffeff68;0x0
0x7fffffffffeffac;0x0
0x7fffffffffeff7c;0x0
0x7f63c8;0x0
0x7fffffffffeff7c;0x0
0x4c70f0;0x0
0x7fffffffffeff68;0x0
0x7fffffffffeff68;0x0
0x7fffffffffeffb0;0x0
0x7fffffffffeff7c;0x0
0x1502e3c;0x0
0x7fffffffffeff7c;0x0
0x4c70f0;0x0
0x7fffffffffeff68;0x0
0x7fffffffffeff68;0x0
0x7fffffffffeffb4;0x0
0x7fffffffffeff7c;0x0
0x3251894;0x0
0x7fffffffffeff7c;0x0
0x4c70f0;0x0
0x7fffffffffeff68;0x0
0x7fffffffffeff68;0x0
0x7fffffffffeffb8;0x0
0x7fffffffffeff7c;0x0
0x7549c4c;0x0
0x7fffffffffeff7c;0x0
0x7fffffffffeff60;0x0
0x7fffffffffeff60;0x0
0x7fffffffffeff58;0x0
0x7fffffffffeff58;0x0
0x7fffffffffeff60;0x0
0x7fffffffffeff7c;0x0
0x7fffffffffeff80;0x0
0x7fffffffffeff88;0x0
